<?xml version="1.0" encoding="UTF-8"?>
<beans xmlns="http://www.springframework.org/schema/beans"
	xmlns:xsi="http://www.w3.org/2001/XMLSchema-instance"
	xsi:schemaLocation="http://www.springframework.org/schema/beans http://www.springframework.org/schema/beans/spring-beans-2.5.xsd">
	<bean id="JobManager" class="framework.schedulejob.core.JobManager">
		<property name="scheduleJobBO">
			<ref bean="ScheduleJobBO" />
		</property>
	</bean>
	<bean id="QuartzManager" class="framework.schedulejob.core.QuartzManager">
		<property name="scheduler">
			<ref bean="Scheduler" />
		</property>
	</bean>
	<bean id="Scheduler" scope="singleton" class="org.springframework.scheduling.quartz.SchedulerFactoryBean">  
	</bean>
	<bean id="CoreJob" class="framework.schedulejob.core.CoreJob">
	</bean>
	<bean id="WarningJob"  class="framework.schedulejob.job.ordinary.WarningJob">  
		<property name="warningBO">
			<ref bean="WarningBO" />
		</property>
		<property name="warningDAO">
			<ref bean="WarningDAO" />
		</property>
		<property name="noticeBO">
			<ref bean="NoticeBO" />
		</property>
		<property name="logBO">
			<ref bean="ScheduleJobExecuteLogBO" />
		</property>
	</bean>  

	<bean id="WgYcDataSynJob"  class="framework.schedulejob.job.service.wgyc.WgYcDataSynJob">  
		<property name="dataSynLogBO">
			<ref bean="DataSynLogBO" />
		</property>
		<property name="receiveDataBO">
			<ref bean="ReceiveDataBO" />
		</property>
		<property name="logBO">
			<ref bean="ScheduleJobExecuteLogBO" />
		</property>
	</bean>  
	
	<bean id="WgFsJob" scope='prototype' class="framework.schedulejob.job.service.wgyc.fs.WgFsJob" >  
		<property name="rentNontaxLogBO">
			<ref bean="RentNontaxLogBO" />
		</property>
	</bean> 
	 
	<bean id="OdsSynJob"  class="framework.schedulejob.job.service.ods.OdsSynJob">  
		<property name="logBO">
			<ref bean="ScheduleJobExecuteLogBO" />
		</property>
		<property name="dataSynLogBO">
			<ref bean="DataSynLogBO" />
		</property>
	</bean>  
	
	<bean id="PurchaseQueryJob"  class="framework.schedulejob.job.service.ctcg.PurchaseQueryJob">  
		<property name="purchaseInterfaceDataDAO">
			<ref bean="PurchaseInterfaceDataDAO" />
		</property>
		<property name="logBO">
			<ref bean="ScheduleJobExecuteLogBO" />
		</property>
	</bean>
	
	<bean id="CreatePurchaseAssetRegistJob"  class="framework.schedulejob.job.ordinary.CreatePurchaseAssetRegistJob">  
		<property name="purchaseInterfaceDataDAO">
			<ref bean="PurchaseInterfaceDataDAO" />
		</property>
		<property name="logBO">
			<ref bean="ScheduleJobExecuteLogBO" />
		</property>
		<property name="assetRegistBO">
			<ref bean="AssetRegistBO" />
		</property>
		<property name="synTakenBO">
			<ref bean="SynTakenBO" />
		</property>
	</bean>
	
	<bean id="DataCheckJob"  class="framework.schedulejob.job.ordinary.DataCheckJob">  
		<property name="dataCheckSqlDAO">
			<ref bean="DataCheckSqlDAO" />
		</property>
		<property name="dataCheckLogDAO">
			<ref bean="DataCheckLogDAO" />
		</property>
		<property name="noticeBO">
			<ref bean="NoticeBO" />
		</property>
		<property name="logBO">
			<ref bean="ScheduleJobExecuteLogBO" />
		</property>
	</bean>
	
	<bean id="ContractStatusCheckJob"  class="framework.schedulejob.job.ordinary.ContractStatusCheckJob">  
		<property name="houseLeaseContractDAO">
			<ref bean="HouseLeaseContractDAO" />
		</property>
		<property name="logBO">
			<ref bean="ScheduleJobExecuteLogBO" />
		</property>
	</bean>
	
	<bean id="Report2017CheckJob"  class="framework.schedulejob.job.ordinary.Report2017CheckJob">  
		<property name="noticeBO">
			<ref bean="NoticeBO" />
		</property>
		<property name="logBO">
			<ref bean="ScheduleJobExecuteLogBO" />
		</property>
		<property name="checkBaseTableRelation2017BO">
			<ref bean="CheckBaseTableRelation2017BO" />
		</property>
		<property name="dealDataAfterErrOccurs2017BO">
			<ref bean="DealDataAfterErrOccurs2017BO" />
		</property>
		<property name="orgParamsBO">
			<ref bean="OrgParamsBO" />
		</property>
	</bean>
	
	<bean id="MainPageStatisticsJob"  class="framework.schedulejob.job.ordinary.MainPageStatisticsJob">  
		<property name="logBO">
			<ref bean="ScheduleJobExecuteLogBO" />
		</property>
		<property name="noticeBO">
			<ref bean="NoticeBO" />
		</property>
		<property name="leaderPage">
			<ref bean="LeaderPage" />
		</property>
	</bean>
	
	<bean id="SynInfoCenterOrgJob"  class="framework.schedulejob.job.ordinary.SynInfoCenterOrgJob">  
		<property name="logBO">
			<ref bean="ScheduleJobExecuteLogBO" />
		</property>
		<property name="orgDAO">
			<ref bean="OrganizationDAO" />
		</property>
		<property name="orgTempDAO">
			<ref bean="OrgTempDAO" />
		</property>
		<property name="orgHisDAO">
			<ref bean="OrganizationHisDAO" />
		</property>
		<property name="orgModifyDAO">
			<ref bean="OrgModifyInfoDAO" />
		</property>
	</bean>
	
	<bean id="TimeOutFileJob"  class="framework.schedulejob.job.ordinary.TimeOutFileJob">  
		<property name="exportTaskBO">
			<ref bean="ExportTaskBO" />
		</property>
	</bean>
	
	<bean id="IdleAssetStatisticsJob"  class="framework.schedulejob.job.ordinary.IdleAssetStatisticsJob">  
		<property name="houseLeaseContractDAO">
			<ref bean="HouseLeaseContractDAO" />
		</property>
		<property name="logBO">
			<ref bean="ScheduleJobExecuteLogBO" />
		</property>
	</bean>
	
	<bean id="SaveSelectTypeToXMLJob"  class="framework.schedulejob.job.ordinary.SaveSelectTypeToXMLJob">  
		<property name="logBO">
			<ref bean="ScheduleJobExecuteLogBO" />
		</property>
		<property name="assetClassifyDAO">
			<ref bean="AssetClassifyDAO" />
		</property>
		<property name="eduAssetClassifyDAO">
			<ref bean="EduAssetClassifyDAO" />
		</property>
		<property name="classifyDAO">
			<ref bean="ClassifyDAO" />
		</property>
	</bean>
	
	<!-- <bean id="AddImUserJob"  class="framework.schedulejob.job.ordinary.AddImUserJob">  
		<property name="logBO">
			<ref bean="ScheduleJobExecuteLogBO" />
		</property>
		<property name="userDAO">
			<ref bean="UserDAO" />
		</property>
		<property name="imUserDAO">
			<ref bean="IMUserDAO" />
		</property>
		<property name="friendsDAO">
			<ref bean="FriendsDAO" />
		</property>
		<property name="groupToUserDAO">
			<ref bean="GroupToUserDAO" />
		</property>
		<property name="friendGroupsDAO">
			<ref bean="FriendGroupsDAO" />
		</property>
		<property name="userGroupsDAO">
			<ref bean="UserGroupsDAO" />
		</property>
	</bean> -->


	<bean id="XzxyCrpSynTakenJob"  class="framework.schedulejob.job.service.xzxycrp.XzxyCrpSynTakenJob">
		<property name="synTakenBO">
			<ref bean="SynTakenBO" />
		</property>
		<property name="logBO">
			<ref bean="ScheduleJobExecuteLogBO" />
		</property>
	</bean>

</beans>
